id,intensity_max-Labels,label_count,area_mean
SPF-4MM-22 slide 9-S6_Top Slide_TR2_p00_0_A01f00d0__0__Image:0,0.0,732,2.417290024918033
SPF-4MM-22 slide 9-S6_Top Slide_TR2_p00_0_A01f00d0__0__Image:0,1.0,94,1.448851875319149
SPF-4MM-22 slide 9-S6_Top Slide_TR2_p00_0_A01f00d0__0__Image:0,2.0,62,15.288121753548388
SPF-4MM-22 slide 9-S9_Top Slide_TR5_p00_0_A01f00d0__0__Image:0,0.0,2251,1.4849260069657932
SPF-4MM-22 slide 9-S9_Top Slide_TR5_p00_0_A01f00d0__0__Image:0,1.0,97,1.2917472717525773
SPF-4MM-22 slide 9-S9_Top Slide_TR5_p00_0_A01f00d0__0__Image:0,2.0,83,26.20541212048193
